essay,score
"Technology has changed how people communicate. In the past, people wrote letters and waited weeks for a reply. Today, messages arrive instantly through phones and computers. This shift has made communication faster, but it has also reduced the depth of many conversations. While instant messaging is convenient, it often lacks the thoughtfulness that longer-form writing once required. Overall, technology has improved speed at some cost to depth, and society continues to adjust to this tradeoff.",82
"Education is important. School teaches many things. Students learn math and science and history. Teachers help students learn. Education is good for everyone and everyone should go to school. It is very important and good for the future.",41
"Climate change is one of the most pressing challenges facing the modern world. Rising global temperatures have led to more frequent extreme weather events, including droughts, floods, and hurricanes. Governments and industries must collaborate to reduce greenhouse gas emissions through renewable energy adoption and sustainable practices. Without coordinated global action, the consequences will likely worsen for future generations, affecting agriculture, coastal cities, and biodiversity worldwide.",91
"i think social media is bad and good. some people like it some people dont. it can help you talk to friends but also it can waste time. i dont know what to say more about this topic because its hard.",35
"The Industrial Revolution marked a turning point in human history, fundamentally transforming how goods were produced and how people lived. Factories replaced small workshops, and steam power replaced manual labor. While this era brought significant economic growth, it also introduced harsh working conditions and widespread pollution. Historians continue to debate whether the benefits of industrialization outweighed its social costs, particularly for the working class who bore the brunt of early factory labor.",88
"My favorite hobby is reading books. I like to read at night before I sleep. Books are fun and I learn new things. Reading is good for the brain and helps you relax after a long day of school or work.",52
"Artificial intelligence has advanced rapidly over the past decade, transforming industries ranging from healthcare to finance. Machine learning models can now diagnose diseases, predict financial trends, and even generate creative content. However, this rapid progress raises important ethical questions regarding job displacement, data privacy, and algorithmic bias. Policymakers and technologists must work together to ensure AI development benefits society broadly rather than concentrating power among a small number of corporations.",94
"Sports are good for health. Playing sports helps you stay fit. Many people play sports like football and cricket. Sports also teach teamwork. I like sports because they are fun and good exercise for the body.",48
"Urbanization has reshaped cities across the globe, drawing millions of people from rural areas in search of better economic opportunities. This rapid growth strains infrastructure, housing, and public services, often leading to overcrowding and inequality. City planners face the difficult task of balancing economic development with sustainable, livable environments. Successful urban policy requires long-term investment in transportation, affordable housing, and green spaces to accommodate growing populations without sacrificing quality of life.",89
"The internet is very useful. People use it every day for many things like shopping and talking to friends. It also has bad things like scams and fake news. Overall internet is helpful but people should be careful.",45
"Renewable energy sources such as solar and wind power are increasingly viewed as essential to combating climate change. Unlike fossil fuels, these sources produce little to no greenhouse gas emissions during operation. Despite higher upfront installation costs, renewable energy has become more economically competitive as technology has improved. Transitioning national power grids to renewable sources remains a complex challenge involving infrastructure investment, storage solutions, and political will.",90
"I went to the park yesterday. It was fun. I played with my friends. We ate snacks and played games. The weather was nice and sunny. I had a great time and want to go again soon.",38
